Bono,Fecha,Cashflow,CERinicial,Clase
AL29D,9/1/2025,10.5,,Soberanos HD
AL29D,9/7/2025,10.45,,Soberanos HD
AL29D,9/1/2026,10.4,,Soberanos HD
AL29D,9/7/2026,10.35,,Soberanos HD
AL29D,9/1/2027,10.3,,Soberanos HD
AL29D,9/7/2027,10.25,,Soberanos HD
AL29D,9/1/2028,10.2,,Soberanos HD
AL29D,9/7/2028,10.15,,Soberanos HD
AL29D,9/1/2029,10.1,,Soberanos HD
AL29D,9/7/2029,10.05,,Soberanos HD
AL30D,9/1/2025,8.36,,Soberanos HD
AL30D,9/7/2025,8.33,,Soberanos HD
AL30D,9/1/2026,8.3,,Soberanos HD
AL30D,9/7/2026,8.27,,Soberanos HD
AL30D,9/1/2027,8.24,,Soberanos HD
AL30D,9/7/2027,8.21,,Soberanos HD
AL30D,9/1/2028,8.42,,Soberanos HD
AL30D,9/7/2028,8.35,,Soberanos HD
AL30D,9/1/2029,8.28,,Soberanos HD
AL30D,9/7/2029,8.21,,Soberanos HD
AL30D,9/1/2030,8.14,,Soberanos HD
AL30D,9/7/2030,8.07,,Soberanos HD
AL35D,9/1/2025,2.063,,Soberanos HD
AL35D,9/7/2025,2.063,,Soberanos HD
AL35D,9/1/2026,2.063,,Soberanos HD
AL35D,9/7/2026,2.063,,Soberanos HD
AL35D,9/1/2027,2.063,,Soberanos HD
AL35D,9/7/2027,2.063,,Soberanos HD
AL35D,9/1/2028,2.375,,Soberanos HD
AL35D,9/7/2028,2.375,,Soberanos HD
AL35D,9/1/2029,2.5,,Soberanos HD
AL35D,9/7/2029,2.5,,Soberanos HD
AL35D,9/1/2030,2.5,,Soberanos HD
AL35D,9/7/2030,2.5,,Soberanos HD
AL35D,9/1/2031,12.5,,Soberanos HD
AL35D,9/7/2031,12.25,,Soberanos HD
AL35D,9/1/2032,12.0,,Soberanos HD
AL35D,9/7/2032,11.75,,Soberanos HD
AL35D,9/1/2033,11.5,,Soberanos HD
AL35D,9/7/2033,11.25,,Soberanos HD
AL35D,9/1/2034,11.0,,Soberanos HD
AL35D,9/7/2034,10.75,,Soberanos HD
AL35D,9/1/2035,10.5,,Soberanos HD
AL35D,9/7/2035,10.25,,Soberanos HD
AE38D,9/1/2025,2.5,,Soberanos HD
AE38D,9/7/2025,2.5,,Soberanos HD
AE38D,9/1/2026,2.5,,Soberanos HD
AE38D,9/7/2026,2.5,,Soberanos HD
AE38D,9/1/2027,2.5,,Soberanos HD
AE38D,9/7/2027,7.0,,Soberanos HD
AE38D,9/1/2028,7.0,,Soberanos HD
AE38D,9/7/2028,7.0,,Soberanos HD
AE38D,9/1/2029,7.0,,Soberanos HD
AE38D,9/7/2029,7.0,,Soberanos HD
AE38D,9/1/2030,6.0,,Soberanos HD
AE38D,9/7/2030,6.0,,Soberanos HD
AE38D,9/1/2031,6.0,,Soberanos HD
AE38D,9/7/2031,6.0,,Soberanos HD
AE38D,9/1/2032,6.0,,Soberanos HD
AE38D,9/7/2032,6.0,,Soberanos HD
AE38D,9/1/2033,6.0,,Soberanos HD
AE38D,9/7/2033,6.0,,Soberanos HD
AE38D,9/1/2034,6.0,,Soberanos HD
AE38D,9/7/2034,5.0,,Soberanos HD
AE38D,9/1/2035,5.0,,Soberanos HD
AE38D,9/7/2035,5.0,,Soberanos HD
AE38D,9/1/2036,5.0,,Soberanos HD
AE38D,9/7/2036,5.0,,Soberanos HD
AE38D,9/1/2037,5.0,,Soberanos HD
AE38D,9/7/2037,5.0,,Soberanos HD
AE38D,9/1/2038,5.0,,Soberanos HD
AL41D,9/1/2025,1.75,,Soberanos HD
AL41D,9/7/2025,1.75,,Soberanos HD
AL41D,9/1/2026,1.75,,Soberanos HD
AL41D,9/7/2026,1.75,,Soberanos HD
AL41D,9/1/2027,1.75,,Soberanos HD
AL41D,9/7/2027,1.75,,Soberanos HD
AL41D,9/1/2028,5.0,,Soberanos HD
AL41D,9/7/2028,5.0,,Soberanos HD
AL41D,9/1/2029,5.0,,Soberanos HD
AL41D,9/7/2029,5.0,,Soberanos HD
AL41D,9/1/2030,6.0,,Soberanos HD
AL41D,9/7/2030,6.0,,Soberanos HD
AL41D,9/1/2031,5.0,,Soberanos HD
AL41D,9/7/2031,5.0,,Soberanos HD
AL41D,9/1/2032,5.0,,Soberanos HD
AL41D,9/7/2032,5.0,,Soberanos HD
AL41D,9/1/2033,5.0,,Soberanos HD
AL41D,9/7/2033,5.0,,Soberanos HD
AL41D,9/1/2034,5.0,,Soberanos HD
AL41D,9/7/2034,5.0,,Soberanos HD
AL41D,9/1/2035,5.0,,Soberanos HD
AL41D,9/7/2035,5.0,,Soberanos HD
AL41D,9/1/2036,5.0,,Soberanos HD
AL41D,9/7/2036,5.0,,Soberanos HD
AL41D,9/1/2037,4.0,,Soberanos HD
AL41D,9/7/2037,4.0,,Soberanos HD
AL41D,9/1/2038,4.0,,Soberanos HD
AL41D,9/7/2038,4.0,,Soberanos HD
AL41D,9/1/2039,4.0,,Soberanos HD
AL41D,9/7/2039,4.0,,Soberanos HD
AL41D,9/1/2040,4.0,,Soberanos HD
AL41D,9/7/2040,4.0,,Soberanos HD
AL41D,9/1/2041,4.0,,Soberanos HD
AL41D,9/7/2041,4.0,,Soberanos HD
GD29D,9/1/2022,0.50,,Soberanos HD
GD29D,9/7/2022,0.50,,Soberanos HD
GD29D,9/1/2023,0.50,,Soberanos HD
GD29D,9/7/2023,0.50,,Soberanos HD
GD29D,9/1/2024,0.50,,Soberanos HD
GD29D,9/7/2024,0.50,,Soberanos HD
GD29D,9/1/2025,10.5,,Soberanos HD
GD29D,9/7/2025,10.45,,Soberanos HD
GD29D,9/1/2026,10.4,,Soberanos HD
GD29D,9/7/2026,10.35,,Soberanos HD
GD29D,9/1/2027,10.3,,Soberanos HD
GD29D,9/7/2027,10.25,,Soberanos HD
GD29D,9/1/2028,10.2,,Soberanos HD
GD29D,9/7/2028,10.15,,Soberanos HD
GD29D,9/1/2029,10.1,,Soberanos HD
GD29D,9/7/2029,10.05,,Soberanos HD
GD30D,9/1/2022,0.25,,Soberanos HD
GD30D,9/7/2022,0.25,,Soberanos HD
GD30D,9/1/2023,0.25,,Soberanos HD
GD30D,9/7/2023,0.25,,Soberanos HD
GD30D,9/1/2024,4.375,,Soberanos HD
GD30D,9/7/2024,4.375,,Soberanos HD
GD30D,9/1/2025,8.36,,Soberanos HD
GD30D,9/7/2025,8.33,,Soberanos HD
GD30D,9/1/2026,8.30,,Soberanos HD
GD30D,9/7/2026,8.27,,Soberanos HD
GD30D,9/1/2027,8.24,,Soberanos HD
GD30D,9/7/2027,8.21,,Soberanos HD
GD30D,9/1/2028,8.42,,Soberanos HD
GD30D,9/7/2028,8.35,,Soberanos HD
GD30D,9/1/2029,8.28,,Soberanos HD
GD30D,9/7/2029,8.21,,Soberanos HD
GD30D,9/1/2030,8.14,,Soberanos HD
GD30D,9/7/2030,8.07,,Soberanos HD
GD35D,9/1/2022,0.563,,Soberanos HD
GD35D,9/7/2022,0.563,,Soberanos HD
GD35D,9/1/2023,0.75,,Soberanos HD
GD35D,9/7/2023,0.75,,Soberanos HD
GD35D,9/1/2024,1.813,,Soberanos HD
GD35D,9/7/2024,1.813,,Soberanos HD
GD35D,9/1/2025,2.063,,Soberanos HD
GD35D,9/7/2025,2.063,,Soberanos HD
GD35D,9/1/2026,2.063,,Soberanos HD
GD35D,9/7/2026,2.063,,Soberanos HD
GD35D,9/1/2027,2.063,,Soberanos HD
GD35D,9/7/2027,2.063,,Soberanos HD
GD35D,9/1/2028,2.375,,Soberanos HD
GD35D,9/7/2028,2.375,,Soberanos HD
GD35D,9/1/2029,2.50,,Soberanos HD
GD35D,9/7/2029,2.50,,Soberanos HD
GD35D,9/1/2030,2.50,,Soberanos HD
GD35D,9/7/2030,2.50,,Soberanos HD
GD35D,9/1/2031,12.50,,Soberanos HD
GD35D,9/7/2031,12.25,,Soberanos HD
GD35D,9/1/2032,12.00,,Soberanos HD
GD35D,9/7/2032,11.75,,Soberanos HD
GD35D,9/1/2033,11.50,,Soberanos HD
GD35D,9/7/2033,11.25,,Soberanos HD
GD35D,9/1/2034,11.00,,Soberanos HD
GD35D,9/7/2034,10.75,,Soberanos HD
GD35D,9/1/2035,10.50,,Soberanos HD
GD35D,9/7/2035,10.25,,Soberanos HD
GD38D,9/1/2022,1.000,,Soberanos HD
GD38D,9/7/2022,1.000,,Soberanos HD
GD38D,9/1/2023,1.938,,Soberanos HD
GD38D,9/7/2023,1.938,,Soberanos HD
GD38D,9/1/2024,2.125,,Soberanos HD
GD38D,9/7/2024,2.125,,Soberanos HD
GD38D,9/1/2025,2.50,,Soberanos HD
GD38D,9/7/2025,2.50,,Soberanos HD
GD38D,9/1/2026,2.50,,Soberanos HD
GD38D,9/7/2026,2.50,,Soberanos HD
GD38D,9/1/2027,2.50,,Soberanos HD
GD38D,9/7/2027,7.045,,Soberanos HD
GD38D,9/1/2028,6.932,,Soberanos HD
GD38D,9/7/2028,6.818,,Soberanos HD
GD38D,9/1/2029,6.705,,Soberanos HD
GD38D,9/7/2029,6.591,,Soberanos HD
GD38D,9/1/2030,6.477,,Soberanos HD
GD38D,9/7/2030,6.364,,Soberanos HD
GD38D,9/1/2031,6.250,,Soberanos HD
GD38D,9/7/2031,6.136,,Soberanos HD
GD38D,9/1/2032,6.023,,Soberanos HD
GD38D,9/7/2032,5.909,,Soberanos HD
GD38D,9/1/2033,5.795,,Soberanos HD
GD38D,9/7/2033,5.682,,Soberanos HD
GD38D,9/1/2034,5.568,,Soberanos HD
GD38D,9/7/2034,5.455,,Soberanos HD
GD38D,9/1/2035,5.341,,Soberanos HD
GD38D,9/7/2035,5.227,,Soberanos HD
GD38D,9/1/2036,5.114,,Soberanos HD
GD38D,9/7/2036,5.000,,Soberanos HD
GD38D,9/1/2037,4.886,,Soberanos HD
GD38D,9/7/2037,4.773,,Soberanos HD
GD38D,9/1/2038,4.659,,Soberanos HD
GD41D,9/1/2022,1.25,,Soberanos HD
GD41D,9/7/2022,1.25,,Soberanos HD
GD41D,9/1/2023,1.75,,Soberanos HD
GD41D,9/7/2023,1.75,,Soberanos HD
GD41D,9/1/2024,1.75,,Soberanos HD
GD41D,9/7/2024,1.75,,Soberanos HD
GD41D,9/1/2025,1.75,,Soberanos HD
GD41D,9/7/2025,1.75,,Soberanos HD
GD41D,9/1/2026,1.75,,Soberanos HD
GD41D,9/7/2026,1.75,,Soberanos HD
GD41D,9/1/2027,1.75,,Soberanos HD
GD41D,9/7/2027,1.75,,Soberanos HD
GD41D,9/1/2028,5.321,,Soberanos HD
GD41D,9/7/2028,5.259,,Soberanos HD
GD41D,9/1/2029,5.196,,Soberanos HD
GD41D,9/7/2029,5.134,,Soberanos HD
GD41D,9/1/2030,5.661,,Soberanos HD
GD41D,9/7/2030,5.574,,Soberanos HD
GD41D,9/1/2031,5.487,,Soberanos HD
GD41D,9/7/2031,5.400,,Soberanos HD
GD41D,9/1/2032,5.313,,Soberanos HD
GD41D,9/7/2032,5.225,,Soberanos HD
GD41D,9/1/2033,5.138,,Soberanos HD
GD41D,9/7/2033,5.051,,Soberanos HD
GD41D,9/1/2034,4.964,,Soberanos HD
GD41D,9/7/2034,4.877,,Soberanos HD
GD41D,9/1/2035,4.790,,Soberanos HD
GD41D,9/7/2035,4.703,,Soberanos HD
GD41D,9/1/2036,4.616,,Soberanos HD
GD41D,9/7/2036,4.529,,Soberanos HD
GD41D,9/1/2037,4.442,,Soberanos HD
GD41D,9/7/2037,4.355,,Soberanos HD
GD41D,9/1/2038,4.268,,Soberanos HD
GD41D,9/7/2038,4.181,,Soberanos HD
GD41D,9/1/2039,4.094,,Soberanos HD
GD41D,9/7/2039,4.007,,Soberanos HD
GD41D,9/1/2040,3.920,,Soberanos HD
GD41D,9/7/2040,3.833,,Soberanos HD
GD41D,9/1/2041,3.746,,Soberanos HD
GD41D,9/7/2041,3.658,,Soberanos HD
GD46D,9/1/2022,0.563,,Soberanos HD
GD46D,9/7/2022,0.563,,Soberanos HD
GD46D,9/1/2023,0.750,,Soberanos HD
GD46D,9/7/2023,0.750,,Soberanos HD
GD46D,9/1/2024,1.813,,Soberanos HD
GD46D,9/7/2024,1.813,,Soberanos HD
GD46D,9/1/2025,4.335,,Soberanos HD
GD46D,9/7/2025,4.288,,Soberanos HD
GD46D,9/1/2026,4.241,,Soberanos HD
GD46D,9/7/2026,4.195,,Soberanos HD
GD46D,9/1/2027,4.148,,Soberanos HD
GD46D,9/7/2027,4.101,,Soberanos HD
GD46D,9/1/2028,4.162,,Soberanos HD
GD46D,9/7/2028,4.112,,Soberanos HD
GD46D,9/1/2029,4.318,,Soberanos HD
GD46D,9/7/2029,4.261,,Soberanos HD
GD46D,9/1/2030,4.205,,Soberanos HD
GD46D,9/7/2030,4.148,,Soberanos HD
GD46D,9/1/2031,4.091,,Soberanos HD
GD46D,9/7/2031,4.034,,Soberanos HD
GD46D,9/1/2032,3.977,,Soberanos HD
GD46D,9/7/2032,3.920,,Soberanos HD
GD46D,9/1/2033,3.864,,Soberanos HD
GD46D,9/7/2033,3.807,,Soberanos HD
GD46D,9/1/2034,3.750,,Soberanos HD
GD46D,9/7/2034,3.693,,Soberanos HD
GD46D,9/1/2035,3.636,,Soberanos HD
GD46D,9/7/2035,3.580,,Soberanos HD
GD46D,9/1/2036,3.523,,Soberanos HD
GD46D,9/7/2036,3.466,,Soberanos HD
GD46D,9/1/2037,3.409,,Soberanos HD
GD46D,9/7/2037,3.352,,Soberanos HD
GD46D,9/1/2038,3.295,,Soberanos HD
GD46D,9/7/2038,3.239,,Soberanos HD
GD46D,9/1/2039,3.182,,Soberanos HD
GD46D,9/7/2039,3.125,,Soberanos HD
GD46D,9/1/2040,3.068,,Soberanos HD
GD46D,9/7/2040,3.011,,Soberanos HD
GD46D,9/1/2041,2.955,,Soberanos HD
GD46D,9/7/2041,2.898,,Soberanos HD
GD46D,9/1/2042,2.841,,Soberanos HD
GD46D,9/7/2042,2.784,,Soberanos HD
GD46D,9/1/2043,2.727,,Soberanos HD
GD46D,9/7/2043,2.670,,Soberanos HD
GD46D,9/1/2044,2.614,,Soberanos HD
GD46D,9/7/2044,2.557,,Soberanos HD
GD46D,9/1/2045,2.500,,Soberanos HD
GD46D,9/7/2045,2.443,,Soberanos HD
GD46D,9/1/2046,2.386,,Soberanos HD
GD46D,9/7/2046,2.330,,Soberanos HD
BA7DD,3/3/2025,5.44,,Subsoberanos HD
BA7DD,1/9/2025,5.37,,Subsoberanos HD
BA7DD,2/3/2026,5.94,,Subsoberanos HD
BA7DD,1/9/2026,5.85,,Subsoberanos HD
BA7DD,1/3/2027,6.13,,Subsoberanos HD
BA7DD,1/9/2027,6.02,,Subsoberanos HD
BA7DD,1/3/2028,6.1,,Subsoberanos HD
BA7DD,1/9/2028,5.99,,Subsoberanos HD
BA7DD,1/3/2029,6.19,,Subsoberanos HD
BA7DD,3/9/2029,6.07,,Subsoberanos HD
BA7DD,1/3/2030,5.23,,Subsoberanos HD
BA7DD,2/9/2030,5.13,,Subsoberanos HD
BA7DD,3/3/2031,5.54,,Subsoberanos HD
BA7DD,1/9/2031,5.42,,Subsoberanos HD
BA7DD,1/3/2032,5.48,,Subsoberanos HD
BA7DD,1/9/2032,5.36,,Subsoberanos HD
BA7DD,1/3/2033,5.4,,Subsoberanos HD
BA7DD,1/9/2033,5.27,,Subsoberanos HD
BA7DD,1/3/2034,5.4,,Subsoberanos HD
BA7DD,1/9/2034,5.26,,Subsoberanos HD
BA7DD,1/3/2035,5.32,,Subsoberanos HD
BA7DD,3/9/2035,5.18,,Subsoberanos HD
BA7DD,3/3/2036,5.3,,Subsoberanos HD
BA7DD,1/9/2036,5.14,,Subsoberanos HD
BA7DD,2/3/2037,5.15,,Subsoberanos HD
BA7DD,1/9/2037,4.99,,Subsoberanos HD
BB7DD,3/3/2025,2.94,,Subsoberanos HD
BB7DD,1/9/2025,2.94,,Subsoberanos HD
BB7DD,2/3/2026,2.94,,Subsoberanos HD
BB7DD,1/9/2026,2.94,,Subsoberanos HD
BB7DD,1/3/2027,2.94,,Subsoberanos HD
BB7DD,1/9/2027,2.94,,Subsoberanos HD
BB7DD,1/3/2028,2.94,,Subsoberanos HD
BB7DD,1/9/2028,3.69,,Subsoberanos HD
BB7DD,1/3/2029,3.67,,Subsoberanos HD
BB7DD,3/9/2029,3.64,,Subsoberanos HD
BB7DD,1/3/2030,9.02,,Subsoberanos HD
BB7DD,2/9/2030,8.84,,Subsoberanos HD
BB7DD,3/3/2031,8.86,,Subsoberanos HD
BB7DD,1/9/2031,8.67,,Subsoberanos HD
BB7DD,1/3/2032,8.49,,Subsoberanos HD
BB7DD,1/9/2032,8.3,,Subsoberanos HD
BB7DD,1/3/2033,8.11,,Subsoberanos HD
BB7DD,1/9/2033,7.93,,Subsoberanos HD
BB7DD,1/3/2034,7.29,,Subsoberanos HD
BB7DD,1/9/2034,7.12,,Subsoberanos HD
BB7DD,1/3/2035,6.94,,Subsoberanos HD
BB7DD,3/9/2035,6.77,,Subsoberanos HD
BB7DD,3/3/2036,6.6,,Subsoberanos HD
BB7DD,1/9/2036,6.42,,Subsoberanos HD
BB7DD,2/3/2037,6.33,,Subsoberanos HD
BB7DD,1/9/2037,6.15,,Subsoberanos HD
BPJ5D,30/1/2025,8.33,,Bopreales
BPJ5D,28/2/2025,8.33,,Bopreales
BPJ5D,31/3/2025,8.33,,Bopreales
BPJ5D,30/4/2025,8.33,,Bopreales
BPJ5D,30/5/2025,8.33,,Bopreales
BPJ5D,30/6/2025,8.33,,Bopreales
BPY6D,28/2/2025,0.73,,Bopreales
BPY6D,2/6/2025,0.78,,Bopreales
BPY6D,1/9/2025,0.75,,Bopreales
BPY6D,1/12/2025,34.08,,Bopreales
BPY6D,2/3/2026,33.82,,Bopreales
BPY6D,1/6/2026,33.6,,Bopreales
BPC7D,30/4/2025,2.5,,Bopreales
BPC7D,31/10/2025,2.5,,Bopreales
BPC7D,30/4/2026,2.5,,Bopreales
BPC7D,2/11/2026,2.5,,Bopreales
BPC7D,30/4/2027,52.5,,Bopreales
BPC7D,1/11/2027,51.25,,Bopreales
BPD7D,30/4/2025,2.5,,Bopreales
BPD7D,31/10/2025,2.5,,Bopreales
BPD7D,30/4/2026,2.5,,Bopreales
BPD7D,2/11/2026,2.5,,Bopreales
BPD7D,30/4/2027,52.5,,Bopreales
BPD7D,1/11/2027,51.25,,Bopreales
BPB7D,30/4/2025,2.5,,Bopreales
BPB7D,31/10/2025,2.5,,Bopreales
BPB7D,30/4/2026,2.5,,Bopreales
BPB7D,2/11/2026,2.5,,Bopreales
BPB7D,30/4/2027,52.5,,Bopreales
BPB7D,1/11/2027,51.25,,Bopreales
BPA7D,30/4/2025,2.5,,Bopreales
BPA7D,31/10/2025,2.5,,Bopreales
BPA7D,30/4/2026,2.5,,Bopreales
BPA7D,2/11/2026,2.5,,Bopreales
BPA7D,30/4/2027,52.5,,Bopreales
BPA7D,1/11/2027,51.25,,Bopreales
BPB8D,31/10/2025,1.50,,Bopreales
BPB8D,30/04/2026,1.50,,Bopreales
BPB8D,31/10/2026,1.50,,Bopreales
BPB8D,30/04/2027,1.50,,Bopreales
BPB8D,31/10/2027,1.50,,Bopreales
BPB8D,31/10/2028,101.50,,Bopreales
BNA6D,21/4/2025,2.33,,Subsoberanos HD
BNA6D,21/7/2025,27.36,,Subsoberanos HD
BNA6D,20/10/2025,26.79,,Subsoberanos HD
BNA6D,19/1/2026,26.19,,Subsoberanos HD
BNA6D,19/4/2026,25.58,,Subsoberanos HD
AER1D,1/2/2025,5.05,,ON
AER1D,1/5/2025,4.95,,ON
AER1D,1/8/2025,4.85,,ON
AER1D,1/11/2025,4.76,,ON
AER1D,1/2/2026,4.66,,ON
AER1D,1/5/2026,4.56,,ON
AER1D,1/8/2026,4.46,,ON
AER1D,1/11/2026,4.37,,ON
AER1D,1/2/2027,4.27,,ON
AERBD,23/6/2025,2.74,,ON
AERBD,23/12/2025,2.76,,ON
AERBD,23/6/2026,2.74,,ON
AERBD,15/12/2026,102.64,,ON
ARC1D,1/2/2025,2.12,,ON
ARC1D,1/5/2025,2.12,,ON
ARC1D,1/8/2025,2.12,,ON
ARC1D,1/11/2025,2.12,,ON
ARC1D,1/2/2026,6.46,,ON
ARC1D,1/5/2026,6.37,,ON
ARC1D,1/8/2026,6.28,,ON
ARC1D,1/11/2026,6.19,,ON
ARC1D,1/2/2027,6.1,,ON
ARC1D,1/5/2027,6.0,,ON
ARC1D,1/8/2027,5.91,,ON
ARC1D,1/11/2027,5.82,,ON
ARC1D,1/2/2028,5.73,,ON
ARC1D,1/5/2028,5.63,,ON
ARC1D,1/8/2028,5.54,,ON
ARC1D,1/11/2028,5.45,,ON
ARC1D,1/2/2029,5.36,,ON
ARC1D,1/5/2029,5.27,,ON
ARC1D,1/8/2029,5.17,,ON
ARC1D,1/11/2029,5.08,,ON
ARC1D,1/2/2030,4.99,,ON
ARC1D,1/5/2030,4.9,,ON
ARC1D,1/8/2030,4.8,,ON
ARC1D,1/11/2030,4.71,,ON
ARC1D,1/2/2031,4.62,,ON
ARC1D,1/5/2031,4.53,,ON
ARC1D,1/8/2031,4.62,,ON
BOL1D,7/3/2025,5.0,,ON
BOL1D,7/9/2025,5.0,,ON
BOL1D,7/3/2026,105.0,,ON
BYC2D,19/7/2025,3.58,,ON
BYC2D,19/1/2026,3.58,,ON
BYC2D,19/7/2026,103.58,,ON
CAC5D,25/2/2025,17.16,,ON
CAC5D,25/8/2025,16.51,,ON
CAC5D,25/2/2026,16.0,,ON
CAC5D,25/8/2026,15.37,,ON
CAC5D,25/2/2027,14.83,,ON
CAC5D,25/8/2027,14.22,,ON
CAC5D,25/2/2028,13.67,,ON
CAC5D,25/8/2028,13.08,,ON
CP17D,8/3/2025,35.09,,ON
CP29D,19/4/2025,0.25,,ON
CP29D,19/7/2025,0.25,,ON
CP29D,19/10/2025,0.25,,ON
CP29D,19/1/2026,0.25,,ON
CP29D,19/4/2026,0.25,,ON
CP29D,19/7/2026,33.58,,ON
CP29D,19/10/2026,33.5,,ON
CP29D,19/1/2027,33.51,,ON
CP34D,23/2/2025,3.53,,ON
CP34D,23/8/2025,3.47,,ON
CP34D,23/2/2026,103.53,,ON
CRCJD,16/2/2025,8.29,,ON
CRCJD,16/5/2025,8.08,,ON
CRCJD,16/8/2025,8.0,,ON
CRCJD,16/11/2025,7.85,,ON
CRCJD,16/2/2026,7.71,,ON
CRCJD,16/5/2026,7.52,,ON
CRCJD,16/8/2026,7.42,,ON
CRCJD,16/11/2026,7.27,,ON
CRCJD,16/2/2027,7.12,,ON
CRCJD,16/5/2027,6.95,,ON
CRCJD,16/8/2027,6.83,,ON
CRCJD,16/11/2027,6.69,,ON
CRCJD,16/2/2028,6.54,,ON
CRCJD,16/5/2028,6.39,,ON
CRCLD,8/2/2025,2.0,,ON
CRCLD,8/5/2025,2.0,,ON
CRCLD,8/8/2025,2.0,,ON
CRCLD,8/11/2025,2.0,,ON
CRCLD,8/2/2026,102.0,,ON
CS37D,15/3/2025,101.36,,ON
CS38D,3/7/2025,3.97,,ON
CS38D,3/1/2026,4.03,,ON
CS38D,3/3/2026,101.29,,ON
CS47D,15/5/2025,3.47,,ON
CS47D,15/11/2025,3.53,,ON
CS47D,15/5/2026,3.47,,ON
CS47D,15/11/2026,3.53,,ON
CS47D,15/5/2027,3.47,,ON
CS47D,15/11/2027,3.53,,ON
CS47D,15/5/2028,3.49,,ON
CS47D,15/11/2028,103.53,,ON
DNC3D,22/5/2025,4.88,,ON
DNC3D,22/11/2025,4.88,,ON
DNC3D,22/5/2026,4.88,,ON
DNC3D,22/11/2026,104.88,,ON
DNC5D,5/2/2025,4.79,,ON
DNC5D,5/8/2025,4.71,,ON
DNC5D,5/2/2026,4.79,,ON
DNC5D,5/8/2026,4.71,,ON
DNC5D,5/2/2027,4.79,,ON
DNC5D,5/8/2027,4.71,,ON
DNC5D,5/2/2028,4.79,,ON
DNC5D,5/8/2028,104.74,,ON
EAC3D,20/6/2025,4.24,,ON
EAC3D,20/12/2025,4.26,,ON
EAC3D,20/6/2026,4.24,,ON
EAC3D,20/12/2026,4.26,,ON
EAC3D,20/6/2027,4.24,,ON
EAC3D,20/12/2027,4.26,,ON
EAC3D,20/6/2028,4.26,,ON
EAC3D,20/12/2028,104.26,,ON
GN40D,14/4/2025,1.36,,ON
GN40D,14/7/2025,101.37,,ON
GNCXD,2/3/2025,12.62,,ON
GNCXD,2/9/2025,12.19,,ON
GNCXD,2/3/2026,11.75,,ON
GNCXD,2/9/2026,11.31,,ON
GNCXD,2/3/2027,10.88,,ON
GNCXD,2/9/2027,10.44,,ON
HBC4D,14/4/2025,0.98,,ON
HBC4D,14/10/2025,20.98,,ON
HJCBD,28/2/2025,1.48,,ON
HJCBD,28/5/2025,1.46,,ON
HJCBD,28/8/2025,1.51,,ON
HJCBD,28/11/2025,1.51,,ON
HJCBD,28/2/2026,1.51,,ON
HJCBD,28/5/2026,101.0,,ON
HJCFD,21/4/2025,0.0,,ON
HJCFD,21/10/2025,0.0,,ON
HJCFD,21/4/2026,0.0,,ON
HJCFD,21/10/2026,0.0,,ON
HJCFD,21/4/2027,0.0,,ON
HJCFD,21/10/2027,0.0,,ON
HJCFD,21/4/2028,0.0,,ON
HJCFD,21/10/2028,100.0,,ON
HJCGD,21/4/2025,3.24,,ON
HJCGD,21/10/2025,3.26,,ON
HJCGD,21/4/2026,3.24,,ON
HJCGD,21/10/2026,3.26,,ON
HJCGD,21/4/2027,3.24,,ON
HJCGD,21/10/2027,3.26,,ON
HJCGD,21/4/2028,3.26,,ON
HJCGD,21/10/2028,103.26,,ON
IRCFD,22/6/2025,21.11,,ON
IRCFD,22/12/2025,2.84,,ON
IRCFD,22/6/2026,20.34,,ON
IRCFD,22/12/2026,2.08,,ON
IRCFD,22/6/2027,19.58,,ON
IRCFD,22/12/2027,1.31,,ON
IRCFD,22/6/2028,31.31,,ON
IRCGD,31/1/2025,4.03,,ON
IRCGD,25/3/2025,101.16,,ON
IRCHD,31/1/2025,3.53,,ON
IRCHD,25/7/2025,103.36,,ON
IRCID,7/6/2025,2.49,,ON
IRCID,7/12/2025,102.51,,ON
IRCJD,28/2/2025,3.5,,ON
IRCJD,28/8/2025,3.5,,ON
IRCJD,28/2/2026,3.5,,ON
IRCJD,28/8/2026,3.5,,ON
IRCJD,28/2/2027,103.5,,ON
IRCLD,10/6/2025,2.99,,ON
IRCLD,10/12/2025,3.01,,ON
IRCLD,10/6/2026,102.99,,ON
IRCND,22/7/2025,4.28,,ON
IRCND,22/1/2026,2.9,,ON
IRCND,22/7/2026,2.85,,ON
IRCND,22/1/2027,2.9,,ON
IRCND,22/7/2027,2.85,,ON
IRCND,22/10/2027,101.45,,ON
IRCOD,23/7/2025,5.42,,ON
IRCOD,23/1/2026,3.65,,ON
IRCOD,23/7/2026,3.6,,ON
IRCOD,23/1/2027,3.65,,ON
IRCOD,23/7/2027,3.6,,ON
IRCOD,23/1/2028,3.65,,ON
IRCOD,23/7/2028,3.62,,ON
IRCOD,23/1/2029,3.65,,ON
IRCOD,23/7/2029,3.6,,ON
IRCOD,23/10/2029,101.83,,ON
IRCPD,30/9/2025,4.00,,ON
IRCPD,31/3/2026,4.00,,ON
IRCPD,30/9/2026,4.00,,ON
IRCPD,31/3/2027,4.00,,ON
IRCPD,30/9/2027,4.00,,ON
IRCPD,31/3/2028,4.00,,ON
IRCPD,2/10/2028,4.044,,ON
IRCPD,3/4/2029,4.022,,ON
IRCPD,1/10/2029,3.956,,ON
IRCPD,1/4/2030,4.00,,ON
IRCPD,30/9/2030,3.978,,ON
IRCPD,31/3/2031,4.00,,ON
IRCPD,30/9/2031,4.00,,ON
IRCPD,31/3/2032,4.00,,ON
IRCPD,30/9/2032,4.00,,ON
IRCPD,31/3/2033,37.00,,ON
IRCPD,30/9/2033,2.68,,ON
IRCPD,31/3/2034,35.68,,ON
IRCPD,2/10/2034,1.375,,ON
IRCPD,2/4/2035,35.36,,ON
LECBD,21/3/2025,4.71,,ON
LECBD,21/3/2026,109.5,,ON
LECED,14/2/2025,4.5,,ON
LECED,14/8/2025,4.5,,ON
LECED,14/2/2026,4.5,,ON
LECED,14/8/2026,104.5,,ON
LECGD,28/2/2025,4.86,,ON
LECGD,30/8/2025,4.89,,ON
LECGD,28/2/2026,4.86,,ON
LECGD,30/8/2026,4.89,,ON
LECGD,28/2/2027,4.86,,ON
LECGD,30/8/2027,104.89,,ON
LMS7D,12/4/2025,1.73,,ON
LMS7D,12/7/2025,1.75,,ON
LMS7D,12/10/2025,1.76,,ON
LMS7D,12/1/2026,10.09,,ON
LMS7D,12/4/2026,9.91,,ON
LMS7D,12/7/2026,9.78,,ON
LMS7D,12/10/2026,9.65,,ON
LMS7D,12/1/2027,9.51,,ON
LMS7D,12/4/2027,9.34,,ON
LMS7D,12/7/2027,9.2,,ON
LMS7D,12/10/2027,9.07,,ON
LMS7D,12/1/2028,8.92,,ON
LMS7D,12/4/2028,8.77,,ON
LMS7D,12/7/2028,8.62,,ON
LMS7D,12/10/2028,8.52,,ON
LMS8D,21/3/2025,1.56,,ON
LMS8D,21/6/2025,1.56,,ON
LMS8D,21/9/2025,1.56,,ON
LMS8D,21/12/2025,1.56,,ON
LMS8D,21/3/2026,1.56,,ON
LMS8D,21/6/2026,26.56,,ON
LMS8D,21/9/2026,26.17,,ON
LMS8D,21/12/2026,25.78,,ON
LMS8D,21/3/2027,25.39,,ON
LMS9D,13/3/2025,1.5,,ON
LMS9D,13/6/2025,1.53,,ON
LMS9D,13/9/2025,1.53,,ON
LMS9D,13/12/2025,1.52,,ON
LMS9D,13/3/2026,1.5,,ON
LMS9D,13/6/2026,101.53,,ON
LOC2D,21/6/2025,3.24,,ON
LOC2D,21/12/2025,103.26,,ON
LOC3D,11/3/2025,3.71,,ON
LOC3D,11/9/2025,3.78,,ON
LOC3D,11/3/2026,103.71,,ON
MGC1D,24/7/2025,3.75,,ON
MGC1D,24/1/2026,3.75,,ON
MGC1D,24/7/2026,3.75,,ON
MGC1D,24/1/2027,103.75,,ON
MGC3D,15/4/2025,4.56,,ON
MGC3D,15/10/2025,4.56,,ON
MGC3D,15/4/2026,4.56,,ON
MGC3D,15/10/2026,4.56,,ON
MGC3D,15/4/2027,4.56,,ON
MGC3D,15/10/2027,4.56,,ON
MGC3D,15/4/2028,4.56,,ON
MGC3D,15/10/2028,4.56,,ON
MGC3D,15/4/2029,104.56,,ON
MGC9D,8/6/2025,3.18,,ON
MGC9D,8/12/2025,36.18,,ON
MGC9D,8/6/2026,1.62,,ON
MGC9D,8/12/2026,35.62,,ON
MGCHD,4/5/2025,2.47,,ON
MGCHD,4/11/2025,102.52,,ON
MGCLD,26/3/2025,3.0,,ON
MGCLD,26/9/2025,3.0,,ON
MGCLD,26/3/2026,103.0,,ON
MGCMD,10/3/2025,3.98,,ON
MGCMD,10/9/2025,3.98,,ON
MGCMD,10/3/2026,3.98,,ON
MGCMD,10/9/2026,3.98,,ON
MGCMD,10/3/2027,3.98,,ON
MGCMD,10/9/2027,3.98,,ON
MGCMD,10/3/2028,3.98,,ON
MGCMD,10/9/2028,3.98,,ON
MGCMD,10/3/2029,3.98,,ON
MGCMD,10/9/2029,3.98,,ON
MGCMD,10/3/2030,3.98,,ON
MGCMD,10/9/2030,3.98,,ON
MGCMD,10/3/2031,3.98,,ON
MGCMD,10/9/2031,103.98,,ON
MGCND,4/4/2025,2.87,,ON
MGCND,4/10/2025,2.88,,ON
MGCND,4/4/2026,2.87,,ON
MGCND,4/10/2026,2.88,,ON
MGCND,4/4/2027,2.87,,ON
MGCND,4/10/2027,2.88,,ON
MGCND,4/4/2028,2.88,,ON
MGCND,4/10/2028,102.88,,ON
MGCOD,16/6/2025,3.93,,ON
MGCOD,16/12/2025,3.95,,ON
MGCOD,16/6/2026,3.93,,ON
MGCOD,16/12/2026,3.95,,ON
MGCOD,16/6/2027,3.93,,ON
MGCOD,16/12/2027,3.95,,ON
MGCOD,16/6/2028,3.95,,ON
MGCOD,16/12/2028,3.95,,ON
MGCOD,16/6/2029,3.93,,ON
MGCOD,16/12/2029,3.95,,ON
MGCOD,16/6/2030,3.93,,ON
MGCOD,16/12/2030,3.95,,ON
MGCOD,16/6/2031,3.93,,ON
MGCOD,16/12/2031,3.95,,ON
MGCOD,16/6/2032,3.95,,ON
MGCOD,16/12/2032,3.95,,ON
MGCOD,16/6/2033,3.93,,ON
MGCOD,16/12/2033,3.95,,ON
MGCOD,16/6/2034,3.93,,ON
MGCOD,16/12/2034,103.95,,ON
MR35D,28/2/2025,4.86,,ON
MR35D,28/8/2025,4.83,,ON
MR35D,28/2/2026,4.92,,ON
MR35D,28/8/2026,4.83,,ON
MR35D,28/2/2027,4.92,,ON
MR35D,28/8/2027,104.83,,ON
MR39D,1/5/2025,5.53,,ON
MR39D,1/11/2025,5.5,,ON
MR39D,1/5/2026,7.0,,ON
MR39D,1/11/2026,6.92,,ON
MR39D,1/5/2027,7.84,,ON
MR39D,1/11/2027,7.7,,ON
MR39D,1/5/2028,12.56,,ON
MR39D,1/11/2028,12.15,,ON
MR39D,1/5/2029,15.24,,ON
MR39D,1/11/2029,14.63,,ON
MR39D,1/5/2030,14.02,,ON
MR39D,1/11/2030,13.42,,ON
MR39D,1/5/2031,12.82,,ON
MR39D,1/11/2031,23.21,,ON
MRCAD,1/6/2025,13.08,,ON
MRCAD,1/12/2025,12.6,,ON
MRCAD,1/6/2026,12.12,,ON
MRCAD,1/12/2026,11.64,,ON
MRCAD,1/6/2027,11.16,,ON
MRCAD,1/12/2027,14.67,,ON
MRCQD,18/4/2025,4.75,,ON
MRCQD,18/10/2025,4.75,,ON
MRCQD,18/4/2026,104.75,,ON
MRCUD,8/3/2025,4.75,,ON
MRCUD,8/9/2025,4.75,,ON
MRCUD,8/3/2026,104.75,,ON
MSSED,17/7/2025,6.5,,ON
MSSED,17/7/2026,106.5,,ON
MSSFD,23/7/2025,3.72,,ON
MSSFD,23/1/2026,3.78,,ON
MSSFD,23/7/2026,3.72,,ON
MSSFD,23/1/2027,3.78,,ON
MSSFD,23/7/2027,103.72,,ON
MTCGD,30/3/2025,2.74,,ON
MTCGD,30/6/2025,2.74,,ON
MTCGD,30/9/2025,2.74,,ON
MTCGD,30/12/2025,2.74,,ON
MTCGD,30/3/2026,2.74,,ON
MTCGD,30/6/2026,102.74,,ON
NPCBD,17/4/2025,4.99,,ON
NPCBD,17/10/2025,105.01,,ON
OTS2D,24/4/2025,1.73,,ON
OTS2D,24/7/2025,1.75,,ON
OTS2D,24/10/2025,1.76,,ON
OTS2D,24/1/2026,1.76,,ON
OTS2D,24/4/2026,1.73,,ON
OTS2D,24/7/2026,1.75,,ON
OTS2D,24/10/2026,1.76,,ON
OTS2D,24/1/2027,1.76,,ON
OTS2D,24/4/2027,101.73,,ON
OTS3D,1/8/2025,5.24,,ON
OTS3D,1/11/2025,1.76,,ON
OTS3D,1/2/2026,1.76,,ON
OTS3D,1/5/2026,1.71,,ON
OTS3D,1/8/2026,1.76,,ON
OTS3D,1/11/2026,1.76,,ON
OTS3D,1/2/2027,1.76,,ON
OTS3D,1/5/2027,1.71,,ON
OTS3D,1/8/2027,1.76,,ON
OTS3D,1/11/2027,1.76,,ON
OTS3D,1/2/2028,1.76,,ON
OTS3D,1/5/2028,1.73,,ON
OTS3D,1/8/2028,1.76,,ON
OTS3D,1/11/2028,101.76,,ON
PECAD,28/2/2025,4.26,,ON
PECAD,28/8/2025,4.22,,ON
PECAD,28/2/2026,4.28,,ON
PECAD,28/8/2026,4.22,,ON
PECAD,28/2/2027,104.28,,ON
PECBD,28/2/2025,4.76,,ON
PECBD,28/8/2025,4.71,,ON
PECBD,28/2/2026,4.79,,ON
PECBD,28/8/2026,4.71,,ON
PECBD,28/2/2027,4.79,,ON
PECBD,28/8/2027,4.71,,ON
PECBD,28/2/2028,104.79,,ON
PECGD,28/4/2025,4.49,,ON
PECGD,28/10/2025,4.51,,ON
PECGD,28/4/2026,4.49,,ON
PECGD,28/10/2026,4.51,,ON
PECGD,28/4/2027,4.49,,ON
PECGD,28/10/2027,4.51,,ON
PECGD,28/4/2028,4.51,,ON
PECGD,28/10/2028,104.51,,ON
PN34D,27/3/2025,2.46,,ON
PN34D,27/9/2025,2.51,,ON
PN34D,27/3/2026,2.46,,ON
PN34D,27/9/2026,2.51,,ON
PN34D,27/3/2027,2.46,,ON
PN34D,27/9/2027,102.51,,ON
PN35D,27/3/2025,3.5,,ON
PN35D,27/9/2025,3.5,,ON
PN35D,27/3/2026,3.5,,ON
PN35D,27/9/2026,3.5,,ON
PN35D,27/3/2027,3.5,,ON
PN35D,27/9/2027,3.5,,ON
PN35D,27/3/2028,3.5,,ON
PN35D,27/9/2028,3.5,,ON
PN35D,27/3/2029,3.5,,ON
PN35D,27/9/2029,103.5,,ON
PN36D,13/5/2025,3.6,,ON
PN36D,13/11/2025,3.65,,ON
PN36D,13/5/2026,3.6,,ON
PN36D,13/11/2026,3.65,,ON
PN36D,13/5/2027,3.6,,ON
PN36D,13/11/2027,3.65,,ON
PN36D,13/5/2028,3.62,,ON
PN36D,13/11/2028,3.65,,ON
PN36D,13/5/2029,3.6,,ON
PN36D,13/11/2029,3.65,,ON
PN36D,13/5/2030,3.6,,ON
PN36D,13/11/2030,3.65,,ON
PN36D,13/5/2031,3.6,,ON
PN36D,13/11/2031,3.65,,ON
PN37D,13/5/2025,3.1,,ON
PN37D,13/11/2025,3.15,,ON
PN37D,13/5/2026,3.1,,ON
PN37D,13/11/2026,3.15,,ON
PN37D,13/5/2027,3.1,,ON
PN37D,13/11/2027,3.15,,ON
PN37D,13/5/2028,3.12,,ON
PN37D,13/11/2028,103.15,,ON
PNMCD,21/7/2025,103.62,,ON
PNVCD,10/5/2025,1.48,,ON
PNVCD,10/11/2025,1.51,,ON
PNVCD,10/2/2026,100.75,,ON
PNWCD,28/2/2025,2.87,,ON
PNWCD,28/8/2025,2.83,,ON
PNWCD,28/2/2026,102.87,,ON
PNXCD,30/4/2025,4.25,,ON
PNXCD,30/10/2025,4.25,,ON
PNXCD,30/4/2026,4.25,,ON
PNXCD,30/10/2026,4.25,,ON
PNXCD,30/4/2027,4.25,,ON
PNXCD,30/10/2027,4.25,,ON
PNXCD,30/4/2028,4.25,,ON
PNXCD,30/10/2028,4.25,,ON
PNXCD,30/4/2029,4.25,,ON
PNXCD,30/10/2029,4.25,,ON
PNXCD,30/4/2030,37.25,,ON
PNXCD,30/10/2030,2.85,,ON
PNXCD,30/4/2031,35.85,,ON
PNXCD,30/10/2031,1.44,,ON
PNXCD,30/4/2032,35.44,,ON
RAC4D,11/5/2025,4.22,,ON
RAC4D,11/11/2025,4.28,,ON
RAC4D,11/5/2026,4.22,,ON
RAC4D,11/11/2026,4.28,,ON
RAC4D,11/5/2027,104.22,,ON
RAC6D,11/4/2025,35.98,,ON
RAC6D,11/10/2025,35.01,,ON
RAC6D,11/4/2026,35.01,,ON
RCCJD,9/4/2025,17.81,,ON
RCCJD,9/10/2025,17.23,,ON
RCCJD,9/4/2026,16.63,,ON
RCCJD,9/10/2026,16.05,,ON
RCCJD,9/4/2027,15.46,,ON
RCCJD,9/10/2027,14.88,,ON
RCCMD,22/5/2025,1.74,,ON
RCCMD,22/11/2025,101.76,,ON
RUCAD,12/3/2025,4.12,,ON
RUCAD,12/9/2025,4.12,,ON
RUCAD,12/3/2026,104.12,,ON
SIC1D,9/6/2025,3.24,,ON
SIC1D,9/12/2025,3.26,,ON
SIC1D,9/6/2026,3.24,,ON
SIC1D,9/12/2026,103.26,,ON
SNABD,29/1/2025,4.54,,ON
SNABD,29/4/2025,2.22,,ON
SNABD,29/7/2025,2.24,,ON
SNABD,29/10/2025,2.27,,ON
SNABD,29/1/2026,2.27,,ON
SNABD,29/4/2026,2.22,,ON
SNABD,29/7/2026,102.24,,ON
SNSBD,14/4/2025,4.74,,ON
SNSBD,14/7/2025,2.37,,ON
SNSBD,14/10/2025,2.39,,ON
SNSBD,14/1/2026,2.39,,ON
SNSBD,14/4/2026,2.34,,ON
SNSBD,14/7/2026,2.37,,ON
SNSBD,14/10/2026,102.39,,ON
TLC5D,6/2/2025,1.46,,ON
TLC5D,6/8/2025,35.43,,ON
TLCMD,18/7/2025,4.75,,ON
TLCMD,18/1/2026,4.75,,ON
TLCMD,18/7/2026,4.75,,ON
TLCMD,18/1/2027,4.75,,ON
TLCMD,18/7/2027,4.75,,ON
TLCMD,18/1/2028,4.75,,ON
TLCMD,18/7/2028,4.75,,ON
TLCMD,18/1/2029,4.75,,ON
TLCMD,18/7/2029,37.75,,ON
TLCMD,18/1/2030,3.18,,ON
TLCMD,18/7/2030,36.18,,ON
TLCMD,18/1/2031,1.62,,ON
TLCMD,18/7/2031,35.62,,ON
TLCMD,18/7/2025,4.75,,ON
TLCMD,18/1/2026,4.75,,ON
TLCMD,18/7/2026,4.75,,ON
TLCMD,18/1/2027,4.75,,ON
TLCMD,18/7/2027,4.75,,ON
TLCMD,18/1/2028,4.75,,ON
TLCMD,18/7/2028,4.75,,ON
TLCMD,18/1/2029,4.75,,ON
TLCMD,18/7/2029,37.75,,ON
TLCMD,18/1/2030,3.18,,ON
TLCMD,18/7/2030,36.18,,ON
TLCMD,18/1/2031,1.62,,ON
TLCMD,18/7/2031,35.62,,ON
TLCOD,28/5/2025,3.47,,ON
TLCOD,28/11/2025,3.53,,ON
TLCOD,28/5/2026,3.47,,ON
TLCOD,28/11/2026,3.53,,ON
TLCOD,28/5/2027,3.47,,ON
TLCOD,28/11/2027,3.53,,ON
TLCOD,28/5/2028,3.49,,ON
TLCOD,28/11/2028,103.53,,ON
TSC2D,2/5/2025,103.38,,ON
TSC3D,24/7/2025,4.25,,ON
TSC3D,24/1/2026,4.25,,ON
TSC3D,24/7/2026,4.25,,ON
TSC3D,24/1/2027,4.25,,ON
TSC3D,24/7/2027,4.25,,ON
TSC3D,24/1/2028,4.25,,ON
TSC3D,24/7/2028,4.25,,ON
TSC3D,24/1/2029,4.25,,ON
TSC3D,24/7/2029,4.25,,ON
TSC3D,24/1/2030,4.25,,ON
TSC3D,24/7/2030,4.25,,ON
TSC3D,24/1/2031,4.25,,ON
TSC3D,24/7/2031,104.25,,ON
TTC7D,22/4/2025,2.98,,ON
TTC7D,22/10/2025,3.0,,ON
TTC7D,26/4/2026,103.05,,ON
TTC8D,24/4/2025,2.49,,ON
TTC8D,24/10/2025,2.51,,ON
TTC8D,24/4/2026,2.49,,ON
TTC8D,24/10/2026,2.51,,ON
TTC8D,24/4/2027,2.49,,ON
TTC8D,24/10/2027,102.51,,ON
VSCFD,10/5/2025,2.98,,ON
VSCFD,10/11/2025,103.02,,ON
VSCND,5/6/2025,2.49,,ON
VSCND,5/12/2025,2.51,,ON
VSCND,5/6/2026,102.49,,ON
VSCOD,6/3/2025,3.25,,ON
VSCOD,6/9/2025,3.25,,ON
VSCOD,6/3/2026,3.25,,ON
VSCOD,6/9/2026,3.25,,ON
VSCOD,6/3/2027,103.25,,ON
VSCPD,3/5/2025,3.97,,ON
VSCPD,3/11/2025,4.03,,ON
VSCPD,3/5/2026,3.97,,ON
VSCPD,3/11/2026,4.03,,ON
VSCPD,3/5/2027,3.97,,ON
VSCPD,3/11/2027,29.03,,ON
VSCPD,3/5/2028,27.99,,ON
VSCPD,3/11/2028,27.02,,ON
VSCPD,3/5/2029,25.99,,ON
VSCRD,10/4/2025,3.81,,ON
VSCRD,10/10/2025,3.84,,ON
VSCRD,10/4/2026,3.81,,ON
VSCRD,10/10/2026,3.84,,ON
VSCRD,10/4/2027,3.81,,ON
VSCRD,10/10/2027,3.84,,ON
VSCRD,10/4/2028,3.84,,ON
VSCRD,10/10/2028,3.84,,ON
VSCRD,10/4/2029,3.81,,ON
VSCRD,10/10/2029,36.84,,ON
VSCRD,10/4/2030,2.56,,ON
VSCRD,10/10/2030,35.57,,ON
VSCRD,10/4/2031,1.3,,ON
VSCRD,10/10/2031,35.3,,ON
VSCTD,10/6/2025,3.8,,ON
VSCTD,10/12/2025,3.82,,ON
VSCTD,10/6/2026,3.8,,ON
VSCTD,10/12/2026,3.82,,ON
VSCTD,10/6/2027,3.8,,ON
VSCTD,10/12/2027,3.82,,ON
VSCTD,10/6/2028,3.82,,ON
VSCTD,10/12/2028,3.82,,ON
VSCTD,10/6/2029,3.8,,ON
VSCTD,10/12/2029,3.82,,ON
VSCTD,10/6/2030,3.8,,ON
VSCTD,10/12/2030,3.82,,ON
VSCTD,10/6/2031,3.8,,ON
VSCTD,10/12/2031,3.82,,ON
VSCTD,10/6/2032,3.82,,ON
VSCTD,10/12/2032,3.82,,ON
VSCTD,10/6/2033,3.8,,ON
VSCTD,10/12/2033,36.82,,ON
VSCTD,10/6/2034,2.55,,ON
VSCTD,10/12/2034,35.56,,ON
VSCTD,10/6/2035,1.29,,ON
VSCTD,10/12/2035,35.3,,ON
VSCVD,10/12/2025,4.25,,ON
VSCVD,10/6/2026,4.25,,ON
VSCVD,10/12/2026,4.25,,ON
VSCVD,10/6/2027,4.25,,ON
VSCVD,10/12/2027,4.25,,ON
VSCVD,12/6/2028,4.297,,ON
VSCVD,11/12/2028,4.226,,ON
VSCVD,11/6/2029,4.25,,ON
VSCVD,10/12/2029,4.226,,ON
VSCVD,10/6/2030,4.25,,ON
VSCVD,10/12/2030,4.25,,ON
VSCVD,10/6/2031,37.25,,ON
VSCVD,10/12/2031,2.848,,ON
VSCVD,10/6/2032,35.848,,ON
VSCVD,10/12/2032,1.445,,ON
VSCVD,10/6/2033,35.445,,ON
XMC1D,11/5/2025,3.97,,ON
XMC1D,11/11/2025,4.03,,ON
XMC1D,11/5/2026,3.97,,ON
XMC1D,11/11/2026,4.03,,ON
XMC1D,11/5/2027,53.97,,ON
XMC1D,11/11/2027,52.02,,ON
YCA6D,28/1/2025,4.25,,ON
YCA6D,28/7/2025,104.25,,ON
YCAMD,21/7/2025,3.48,,ON
YCAMD,21/1/2026,3.48,,ON
YCAMD,21/7/2026,3.48,,ON
YCAMD,21/1/2027,3.48,,ON
YCAMD,21/7/2027,103.48,,ON
YFCDD,29/8/2026,100.0,,ON
YFCGD,27/2/2025,1.5,,ON
YFCGD,27/5/2025,1.5,,ON
YFCGD,27/8/2025,1.5,,ON
YFCGD,27/11/2025,1.5,,ON
YFCGD,27/2/2026,1.5,,ON
YFCGD,27/5/2026,1.5,,ON
YFCGD,27/8/2026,1.5,,ON
YFCGD,27/11/2026,1.5,,ON
YFCGD,27/2/2027,101.5,,ON
YFCID,13/3/2025,4.42,,ON
YFCID,13/6/2025,1.48,,ON
YFCID,13/9/2025,1.48,,ON
YFCID,13/12/2025,1.48,,ON
YFCID,13/3/2026,1.48,,ON
YFCID,13/6/2026,1.48,,ON
YFCID,13/9/2026,1.48,,ON
YFCID,13/12/2026,1.48,,ON
YFCID,13/3/2027,51.48,,ON
YFCID,13/6/2027,50.74,,ON
YFCJD,16/4/2025,3.93,,ON
YFCJD,16/10/2025,3.95,,ON
YFCJD,16/4/2026,3.93,,ON
YFCJD,16/10/2026,3.95,,ON
YFCJD,16/4/2027,3.93,,ON
YFCJD,16/10/2027,3.95,,ON
YFCJD,16/4/2028,3.95,,ON
YFCJD,16/10/2028,3.95,,ON
YFCJD,16/4/2029,3.93,,ON
YFCJD,16/10/2029,3.95,,ON
YFCJD,16/4/2030,3.93,,ON
YFCJD,16/10/2030,36.95,,ON
YFCJD,16/4/2031,2.63,,ON
YFCJD,16/10/2031,35.65,,ON
YFCJD,16/4/2032,1.34,,ON
YFCJD,16/10/2032,35.34,,ON
YFCKD,22/2/2025,1.32,,ON
YFCKD,22/5/2025,1.28,,ON
YFCKD,22/8/2025,1.32,,ON
YFCKD,22/11/2025,1.32,,ON
YFCKD,22/2/2026,1.32,,ON
YFCKD,22/5/2026,1.28,,ON
YFCKD,22/8/2026,1.32,,ON
YFCKD,22/11/2026,101.32,,ON
YFCLD,22/2/2025,1.7,,ON
YFCLD,22/5/2025,1.65,,ON
YFCLD,22/8/2025,1.7,,ON
YFCLD,22/11/2025,1.7,,ON
YFCLD,22/2/2026,1.7,,ON
YFCLD,22/5/2026,1.65,,ON
YFCLD,22/8/2026,1.7,,ON
YFCLD,22/11/2026,1.7,,ON
YFCLD,22/2/2027,1.7,,ON
YFCLD,22/5/2027,1.65,,ON
YFCLD,22/8/2027,1.7,,ON
YFCLD,22/11/2027,1.7,,ON
YFCLD,22/2/2028,1.7,,ON
YFCLD,22/5/2028,1.66,,ON
YFCLD,22/8/2028,1.7,,ON
YFCLD,22/11/2028,101.7,,ON
YM34D,17/7/2025,4.09,,ON
YM34D,17/1/2026,4.16,,ON
YM34D,17/7/2026,4.09,,ON
YM34D,17/1/2027,4.16,,ON
YM34D,17/7/2027,4.09,,ON
YM34D,17/1/2028,4.16,,ON
YM34D,17/7/2028,4.11,,ON
YM34D,17/1/2029,4.16,,ON
YM34D,17/7/2029,4.09,,ON
YM34D,17/1/2030,4.16,,ON
YM34D,17/7/2030,4.09,,ON
YM34D,17/1/2031,4.16,,ON
YM34D,17/7/2031,4.09,,ON
YM34D,17/1/2032,34.16,,ON
YM34D,17/7/2032,2.88,,ON
YM34D,17/1/2033,32.91,,ON
YM34D,17/7/2033,1.64,,ON
YM34D,17/1/2034,41.66,,ON
YMCHD,12/2/2025,8.56,,ON
YMCHD,12/5/2025,8.38,,ON
YMCHD,12/8/2025,8.21,,ON
YMCHD,12/11/2025,8.04,,ON
YMCHD,12/2/2026,7.86,,ON
YMCID,30/6/2025,4.5,,ON
YMCID,30/12/2025,4.5,,ON
YMCID,30/6/2026,18.78,,ON
YMCID,30/12/2026,18.14,,ON
YMCID,30/6/2027,17.49,,ON
YMCID,30/12/2027,16.85,,ON
YMCID,30/6/2028,16.21,,ON
YMCID,30/12/2028,15.57,,ON
YMCID,30/6/2029,14.92,,ON
YMCJD,30/3/2025,3.5,,ON
YMCJD,30/9/2025,3.5,,ON
YMCJD,30/3/2026,3.5,,ON
YMCJD,30/9/2026,3.5,,ON
YMCJD,30/3/2027,3.5,,ON
YMCJD,30/9/2027,3.5,,ON
YMCJD,30/3/2028,3.5,,ON
YMCJD,30/9/2028,3.5,,ON
YMCJD,30/3/2029,3.5,,ON
YMCJD,30/9/2029,3.5,,ON
YMCJD,30/3/2030,3.5,,ON
YMCJD,30/9/2030,28.5,,ON
YMCJD,30/3/2031,2.62,,ON
YMCJD,30/9/2031,27.62,,ON
YMCJD,30/3/2032,1.75,,ON
YMCJD,30/9/2032,26.75,,ON
YMCJD,30/3/2033,0.88,,ON
YMCJD,30/9/2033,25.88,,ON
YMCMD,10/4/2025,0.25,,ON
YMCMD,10/7/2025,0.25,,ON
YMCMD,10/10/2025,0.25,,ON
YMCMD,10/1/2026,100.25,,ON
YMCQD,13/6/2025,2.49,,ON
YMCQD,13/12/2025,2.51,,ON
YMCQD,13/2/2026,100.85,,ON
YMCVD,28/2/2025,1.51,,ON
YMCVD,28/5/2025,1.46,,ON
YMCVD,28/8/2025,1.51,,ON
YMCVD,28/11/2025,1.51,,ON
YMCVD,28/2/2026,1.51,,ON
YMCVD,28/5/2026,101.46,,ON
YMCXD,11/3/2025,4.38,,ON
YMCXD,11/9/2025,4.38,,ON
YMCXD,11/3/2026,4.38,,ON
YMCXD,11/9/2026,4.38,,ON
YMCXD,11/3/2027,4.38,,ON
YMCXD,11/9/2027,4.38,,ON
YMCXD,11/3/2028,4.38,,ON
YMCXD,11/9/2028,4.38,,ON
YMCXD,11/3/2029,4.38,,ON
YMCXD,11/9/2029,24.38,,ON
YMCXD,11/3/2030,3.5,,ON
YMCXD,11/9/2030,23.5,,ON
YMCXD,11/3/2031,2.62,,ON
YMCXD,11/9/2031,62.62,,ON
TX26,9/5/2025,20.8,22.544,BONCER
TX26,9/11/2025,20.6,22.544,BONCER
TX26,9/5/2026,20.4,22.544,BONCER
TX26,9/11/2026,20.2,22.544,BONCER
T2X5,14/02/2025,652.16,518.681,BONCER
TZXM5,31/03/2025,143.55,518.681,BONCER
TC25P,28/04/2025,5838.1,518.681,BONCER
TZXY5,30/05/2025,108.02,518.681,BONCER
TZX25,30/06/2025,212.38,518.681,BONCER
TZXO5,31/10/2025,108.02,518.681,BONCER
TX25,09/05/2025,10.1,518.681,BONCER
TX25,10/11/2025,1132.58,518.681,BONCER
TZXD5,15/12/2025,191.36,518.681,BONCER
TZXM6,31/03/2026,153.9,518.681,BONCER
TZX26,30/06/2026,258.84,518.681,BONCER
TZXO6,30/10/2026,108.02,518.681,BONCER
TZXD6,15/12/2026,191.36,518.681,BONCER
TX28,09/05/2025,250.78,518.681,BONCER
TX28,10/11/2025,248.19,518.681,BONCER
TX28,11/05/2026,245.61,518.681,BONCER
TX28,09/11/2026,243.02,518.681,BONCER
TX28,10/05/2027,240.43,518.681,BONCER
TX28,09/11/2027,237.84,518.681,BONCER
TX28,09/05/2028,235.25,518.681,BONCER
TX28,09/11/2028,232.66,518.681,BONCER
TZXM7,31/03/2027,143.55,518.681,BONCER
TZX27,30/06/2027,258.84,518.681,BONCER
TZXD7,15/12/2027,191.36,518.681,BONCER
TZX28,30/06/2028,258.84,518.681,BONCER
DICP,30/06/2025,3450.99,518.681,BONCER
DICP,02/01/2026,3385.01,518.681,BONCER
DICP,30/06/2026,3319.03,518.681,BONCER
DICP,04/01/2027,3253.06,518.681,BONCER
DICP,30/06/2027,3187.08,518.681,BONCER
DICP,03/01/2028,3121.1,518.681,BONCER
DICP,30/06/2028,3055.12,518.681,BONCER
DICP,02/01/2029,2989.15,518.681,BONCER
DICP,02/07/2029,2923.17,518.681,BONCER
DICP,02/01/2030,2857.19,518.681,BONCER
DICP,01/07/2030,2791.21,518.681,BONCER
DICP,02/01/2031,2725.23,518.681,BONCER
DICP,30/06/2031,2659.26,518.681,BONCER
DICP,02/01/2032,2593.28,518.681,BONCER
DICP,30/06/2032,2527.3,518.681,BONCER
DICP,03/01/2033,2461.32,518.681,BONCER
DICP,30/06/2033,2395.34,518.681,BONCER
DICP,02/01/2034,2329.37,518.681,BONCER
DIP0,30/06/2025,3450.99,518.681,BONCER
DIP0,02/01/2026,3385.01,518.681,BONCER
DIP0,30/06/2026,3319.03,518.681,BONCER
DIP0,04/01/2027,3253.06,518.681,BONCER
DIP0,30/06/2027,3187.08,518.681,BONCER
DIP0,03/01/2028,3121.1,518.681,BONCER
DIP0,30/06/2028,3055.12,518.681,BONCER
DIP0,02/01/2029,2989.15,518.681,BONCER
DIP0,02/07/2029,2923.17,518.681,BONCER
DIP0,02/01/2030,2857.19,518.681,BONCER
DIP0,01/07/2030,2791.21,518.681,BONCER
DIP0,02/01/2031,2725.23,518.681,BONCER
DIP0,30/06/2031,2659.26,518.681,BONCER
DIP0,02/01/2032,2593.28,518.681,BONCER
DIP0,30/06/2032,2527.3,518.681,BONCER
DIP0,03/01/2033,2461.32,518.681,BONCER
DIP0,30/06/2033,2395.34,518.681,BONCER
DIP0,02/01/2034,2329.37,518.681,BONCER
TX31,30/05/2025,13.82,518.681,BONCER
TX31,01/12/2025,13.82,518.681,BONCER
TX31,01/06/2026,13.82,518.681,BONCER
TX31,30/11/2026,13.82,518.681,BONCER
TX31,31/05/2027,124.38,518.681,BONCER
TX31,30/11/2027,123.0,518.681,BONCER
TX31,30/05/2028,121.62,518.681,BONCER
TX31,30/11/2028,120.24,518.681,BONCER
TX31,30/05/2029,118.85,518.681,BONCER
TX31,30/11/2029,117.47,518.681,BONCER
TX31,30/05/2030,116.09,518.681,BONCER
TX31,02/12/2030,114.71,518.681,BONCER
TX31,30/05/2031,113.33,518.681,BONCER
TX31,01/12/2031,111.94,518.681,BONCER
PARP,31/03/2025,315.46,518.681,BONCER
PARP,30/09/2025,315.46,518.681,BONCER
PARP,31/03/2026,315.46,518.681,BONCER
PARP,30/09/2026,315.46,518.681,BONCER
PARP,31/03/2027,315.46,518.681,BONCER
PARP,30/09/2027,315.46,518.681,BONCER
PARP,31/03/2028,315.46,518.681,BONCER
PARP,02/10/2028,315.46,518.681,BONCER
PARP,02/04/2029,315.46,518.681,BONCER
PARP,01/10/2029,2224.29,518.681,BONCER
PARP,01/04/2030,2202.19,518.681,BONCER
PARP,30/09/2030,2180.09,518.681,BONCER
PARP,31/03/2031,2157.99,518.681,BONCER
PARP,30/09/2031,2135.89,518.681,BONCER
PARP,31/03/2032,2113.79,518.681,BONCER
PARP,30/09/2032,2091.69,518.681,BONCER
PARP,31/03/2033,2069.59,518.681,BONCER
PARP,30/09/2033,2047.49,518.681,BONCER
PARP,31/03/2034,2025.39,518.681,BONCER
PARP,02/10/2034,2003.29,518.681,BONCER
PARP,02/04/2035,1981.19,518.681,BONCER
PARP,01/10/2035,1959.09,518.681,BONCER
PARP,31/03/2036,1936.99,518.681,BONCER
PARP,30/09/2036,1914.89,518.681,BONCER
PARP,31/03/2037,1892.79,518.681,BONCER
PARP,30/09/2037,1870.69,518.681,BONCER
PARP,31/03/2038,1848.59,518.681,BONCER
PARP,30/09/2038,1826.49,518.681,BONCER
PARP,31/12/2038,1793.34,518.681,BONCER
PAP0,31/03/2025,315.46,518.681,BONCER
PAP0,30/09/2025,315.46,518.681,BONCER
PAP0,31/03/2026,315.46,518.681,BONCER
PAP0,30/09/2026,315.46,518.681,BONCER
PAP0,31/03/2027,315.46,518.681,BONCER
PAP0,30/09/2027,315.46,518.681,BONCER
PAP0,31/03/2028,315.46,518.681,BONCER
PAP0,02/10/2028,315.46,518.681,BONCER
PAP0,02/04/2029,315.46,518.681,BONCER
PAP0,01/10/2029,2224.29,518.681,BONCER
PAP0,01/04/2030,2202.19,518.681,BONCER
PAP0,30/09/2030,2180.09,518.681,BONCER
PAP0,31/03/2031,2157.99,518.681,BONCER
PAP0,30/09/2031,2135.89,518.681,BONCER
PAP0,31/03/2032,2113.79,518.681,BONCER
PAP0,30/09/2032,2091.69,518.681,BONCER
PAP0,31/03/2033,2069.59,518.681,BONCER
PAP0,30/09/2033,2047.49,518.681,BONCER
PAP0,31/03/2034,2025.39,518.681,BONCER
PAP0,02/10/2034,2003.29,518.681,BONCER
PAP0,02/04/2035,1981.19,518.681,BONCER
PAP0,01/10/2035,1959.09,518.681,BONCER
PAP0,31/03/2036,1936.99,518.681,BONCER
PAP0,30/09/2036,1914.89,518.681,BONCER
PAP0,31/03/2037,1892.79,518.681,BONCER
PAP0,30/09/2037,1870.69,518.681,BONCER
PAP0,31/03/2038,1848.59,518.681,BONCER
PAP0,30/09/2038,1826.49,518.681,BONCER
PAP0,31/12/2038,1793.34,518.681,BONCER
CUAP,30/06/2025,819.18,518.681,BONCER
CUAP,02/01/2026,819.18,518.681,BONCER
CUAP,30/06/2026,819.18,518.681,BONCER
CUAP,04/01/2027,819.18,518.681,BONCER
CUAP,30/06/2027,819.18,518.681,BONCER
CUAP,03/01/2028,819.18,518.681,BONCER
CUAP,30/06/2028,819.18,518.681,BONCER
CUAP,02/01/2029,819.18,518.681,BONCER
CUAP,02/07/2029,819.18,518.681,BONCER
CUAP,02/01/2030,819.18,518.681,BONCER
CUAP,01/07/2030,819.18,518.681,BONCER
CUAP,02/01/2031,819.18,518.681,BONCER
CUAP,30/06/2031,819.18,518.681,BONCER
CUAP,02/01/2032,819.18,518.681,BONCER
CUAP,30/06/2032,819.18,518.681,BONCER
CUAP,03/01/2033,819.18,518.681,BONCER
CUAP,30/06/2033,819.18,518.681,BONCER
CUAP,02/01/2034,819.18,518.681,BONCER
CUAP,30/06/2034,819.18,518.681,BONCER
CUAP,02/01/2035,819.18,518.681,BONCER
CUAP,02/07/2035,819.18,518.681,BONCER
CUAP,02/01/2036,819.18,518.681,BONCER
CUAP,30/06/2036,3294.05,518.681,BONCER
CUAP,02/01/2037,3253.09,518.681,BONCER
CUAP,30/06/2037,3212.13,518.681,BONCER
CUAP,04/01/2038,3171.17,518.681,BONCER
CUAP,30/06/2038,3130.21,518.681,BONCER
CUAP,03/01/2039,3089.25,518.681,BONCER
CUAP,30/06/2039,3048.29,518.681,BONCER
CUAP,02/01/2040,3007.34,518.681,BONCER
CUAP,02/07/2040,2966.38,518.681,BONCER
CUAP,02/01/2041,2925.42,518.681,BONCER
CUAP,01/07/2041,2884.46,518.681,BONCER
CUAP,02/01/2042,2843.5,518.681,BONCER
CUAP,30/06/2042,2802.54,518.681,BONCER
CUAP,02/01/2043,2761.58,518.681,BONCER
CUAP,30/06/2043,2720.62,518.681,BONCER
CUAP,04/01/2044,2679.66,518.681,BONCER
CUAP,30/06/2044,2638.7,518.681,BONCER
CUAP,02/01/2045,2597.75,518.681,BONCER
CUAP,30/06/2045,2556.79,518.681,BONCER
CUAP,02/01/2046,2515.83,518.681,BONCER
S16A5,16/04/2025,131.211,,LECAP
S28A5,28/04/2025,130.813,,LECAP
S16Y5,16/05/2025,136.861,,LECAP
S30Y5,30/05/2025,136.331,,LECAP
S18J5,18/06/2025,147.695,,LECAP
S30J5,30/06/2025,146.607,,LECAP
S31L5,31/07/2025,147.74,,LECAP
S15G5,18/08/2025,146.794,,LECAP
S29G5,29/08/2025,157.7,,LECAP
S12S5,12/09/2025,158.977,,LECAP
S30S5,30/09/2025,159.734,,LECAP
T17O5,17/10/2025,158.872,,BONCAP
S31O5,31/10/2025,132.821,,LECAP
S10N5,10/11/2025,122.254,,LECAP
S28N5,28/11/2025,123.561,,LECAP
S29Y6,29/05/2026,132.044,,LECAP
T15D5,15/12/2025,170.838,,BONCAP
T30E6,30/01/2026,142.222,,BONCAP
T13F6,13/02/2026,144.966,,BONCAP
T30J6,30/06/2026,144.896,,BONCAP
T15E7,15/01/2027,160.777,,BONCAP
S16E6,16/01/2026,119.06,,LECAP
S27F6,27/02/2026,125.84,,LECAP
S30A6,30/04/2026,127.49,,LECAP
S30O6,30/10/2026,135.28,,LECAP
T30A7,30/04/2027,157.34,,BONCAP
TTM26,16/03/2026,135.238,,DUAL
TTJ26,30/06/2026,144.629,,DUAL
TTS26,15/09/2026,152.096,,DUAL
TTD26,15/12/2026,161.144,,DUAL
D31O5,31/10/2025,100.0,,DLINKED
TZVD5,15/12/2025,100.0,,DLINKED
TZV26,30/07/2026,100.0,,DLINKED
D16E6,16/01/2026,100.0,,DLINKED
TO26,17/10/2025,7.75,,BONTE
TO26,17/04/2026,7.75,,BONTE
TO26,17/10/2026,107.75,,BONTE
TY30P,30/11/2025,14.75,,BONTE
TY30P,30/05/2026,14.75,,BONTE
TY30P,30/11/2026,14.75,,BONTE
TY30P,30/05/2027,14.75,,BONTE
TY30P,30/11/2027,14.75,,BONTE
TY30P,30/05/2028,14.75,,BONTE
TY30P,30/11/2028,14.75,,BONTE
TY30P,30/05/2029,14.75,,BONTE
TY30P,30/11/2029,14.75,,BONTE
TY30P,30/05/2030,114.75,,BONTE










